id,title,type,sites,series,genre
100excape,100층탈출1,Game,쥬니어네이버,,탈출
babyexcape1,아이탈출1,Game,쥬니어네이버,,탈출
carcrash,자동차부수기,Game,쥬니어네이버,,캐주얼
catmario,고양이마리오,Game,기타;다음 키즈짱,,액션
fireboy,Fireboy and Watergirl,Game,쥬니어네이버;기타,,액션
gogun,고군분투,Game,한게임 플래시,,액션
hillcrash,구두굽빼기,Game,기타,,캐주얼
jailexcape_re,감옥탈출 리마스터,Game,쥬니어네이버,,액션
jailexcape,감옥탈출,Game,쥬니어네이버,,액션
pomingpu_mingpu,포밍뿌-밍뿌키우기,Game,야후꾸러기,,캐주얼
reba,레바의모험 점심밥의 역습,Game,다음 키즈짱,,액션
rollercoster,롤러코스터 크리에이터2,Game,기타,,타이쿤
pani_boling,파니볼링,Game,한게임 플래시,,캐주얼
teacherDance,선생님안볼때춤추기,Game,쥬니어네이버,,캐주얼
crashking,내일은 격파왕,Game,한게임 플래시,,액션
sugar,각설탕 쌓기,Game,한게임 플래시,,캐주얼
passionategirl,열혈소녀,Game,한게임 플래시,,캐주얼
badgersSong,팥죽송,Ani,기타,,노래
milkSong,우유송,Ani,기타,,노래
tunaSong,고추참치송,Ani,기타,,노래
humuSong,허무송,Ani,기타,,노래
gamjaSong,감자도리송,Ani,기타;한게임 플래시,,애니메이션
jolla_S5,졸라맨 스페셜에디션5,Ani,기타;다음 키즈짱,,애니메이션
bbuka,뿌까-화이트데이,Ani,한게임 플래시;기타;쥬니어네이버,,애니메이션
narong,꿈꾸는 작은 날개 나롱이,Ani,기타,,애니메이션
jolla_101,졸라맨 1부 1화,Ani,기타,,애니메이션
jolla_102,졸라맨 1부 2화,Ani,기타,,애니메이션
jolla_103,졸라맨 1부 3화,Ani,기타,,애니메이션
jolla_202,졸라맨 2부 2화,Ani,기타,,애니메이션
jolla_203,졸라맨 2부 3화,Ani,기타,,애니메이션
jolla_204,졸라맨 2부 4화,Ani,기타,,애니메이션
jolla_205,졸라맨 2부 5화,Ani,기타,,애니메이션
jolla_206,졸라맨 2부 6화,Ani,기타,,애니메이션
shu_ramen,슈의 라면가게,Game,야후꾸러기;쥬니어네이버,슈 게임,시뮬레이션
shu_knitting,슈의 뜨개질,Game,야후꾸러기;쥬니어네이버,슈게임,캐주얼
shu_salong1,슈의 미용실 1,Game,야후꾸러기;쥬니어네이버,슈게임,시뮬레이션
shu_salong2,슈의 미용실 2,Game,야후꾸러기;쥬니어네이버,슈게임,시뮬레이션
shu_getready,슈의 외출준비,Game,야후꾸러기;쥬니어네이버,슈게임,시뮬레이션
shu_diet,슈의 다이어트,Game,야후꾸러기;쥬니어네이버,슈게임,시뮬레이션
shu_sushi,슈의 회전초밥,Game,야후꾸러기;쥬니어네이버,슈게임,시뮬레이션
shu_makeup,아바타 슈의 메이크업,Game,야후꾸러기;쥬니어네이버,슈게임,캐주얼
shu_choco,슈의 초콜렛공장,Game,야후꾸러기;쥬니어네이버,슈게임,시뮬레이션
shin_dino,공룡 몰래 하자,Game,야후꾸러기;쥬니어네이버;다음키즈짱,짱구교실,액션
shin_action,짱구의 액션 탐험대,Game,야후꾸러기;쥬니어네이버;다음키즈짱,짱구교실,어드벤처
shin_music,짱구의 음악방송,Game,야후꾸러기;쥬니어네이버;다음키즈짱,짱구교실,캐주얼
shin_cook,짱구는 요리사,Game,야후꾸러기;쥬니어네이버;다음키즈짱,짱구교실,시뮬레이션
shin_rsp,가위바위보를 해보자,Game,야후꾸러기;쥬니어네이버;다음키즈짱,짱구교실,캐주얼
shin_wash,목욕놀이,Game,야후꾸러기;쥬니어네이버;다음키즈짱,짱구교실,캐주얼
shin_baseball,짱구 야구왕,Game,야후꾸러기;쥬니어네이버;다음키즈짱,짱구교실,스포츠·레이싱
shin_quiz,재미있는 퀴즈,Game,야후꾸러기;쥬니어네이버;다음키즈짱,짱구교실,퍼즐
shin_bigsmall,큰 것과 작은 것,Game,야후꾸러기;쥬니어네이버;다음키즈짱,짱구교실,퍼즐
shin_treasure,보물을 찾으러 가자,Game,야후꾸러기;쥬니어네이버;다음키즈짱,짱구교실,어드벤처
shin_bowling,신나는 볼링놀이,Game,야후꾸러기;쥬니어네이버;다음키즈짱,짱구교실,스포츠·레이싱
shin_block,블록으로 만들어보자,Game,야후꾸러기;쥬니어네이버;다음키즈짱,짱구교실,퍼즐
shin_chika1,짱구교실 - 치카치카1,Game,야후꾸러기;쥬니어네이버;다음키즈짱,짱구 교실,캐주얼
shin_chika2,짱구교실 - 치카치카2,Game,야후꾸러기;쥬니어네이버;다음키즈짱,짱구 교실,캐주얼
yuhu_rainbow,유후의 무지개 레이싱,Game,한게임 플래시,유후와 친구들,스포츠·레이싱
yuhu_catch,유후의 술래잡기,Game,쥬니어네이버,유후와 친구들,액션
yuhu_bungee,유후의 번지점프,Game,쥬니어네이버,유후와 친구들,액션
yuhu_baseball,홈런왕 유후,Game,쥬니어네이버,유후와 친구들,스포츠·레이싱
yuhu_beach,츄우의 비치발리볼,Game,쥬니어네이버,유후와 친구들,스포츠·레이싱
yuhu_swim,유후의 수영대회,Game,쥬니어네이버,유후와 친구들,스포츠·레이싱
kini_viking,키니위니 돌려! 돌려! 바이킹,Game,쥬니어네이버,키니위니,캐주얼
kini_spacewar,우주 전쟁,Game,쥬니어네이버,키니위니,액션
kini_takoyaki,문어빵 타이쿤,Game,쥬니어네이버,키니위니,시뮬레이션
kini_snacktime,부비킹의 간식 시간,Game,쥬니어네이버,키니위니,캐주얼
kini_farm,키니의 목장 체험,Game,쥬니어네이버,키니위니,시뮬레이션
kini_dalgona,달고나의 추억,Game,쥬니어네이버,키니위니,캐주얼
kini_cityescape,키니위니 도시 탈출,Game,쥬니어네이버,키니위니,탈출·추리
kini_king,왕과 나,Game,쥬니어네이버,키니위니,캐주얼
kini_skyfall,높이! 높이! 스카이 드롭,Game,쥬니어네이버,키니위니,액션
Pororo_capture,뽀로로의 순간 포착,Game,쥬니어네이버,뽀로로 교실,퍼즐
Pororo_footprint,발자국 그림,Game,쥬니어네이버,뽀로로 교실,퍼즐
Pororo_dance,댄스 파티,Game,쥬니어네이버,뽀로로 교실,캐주얼
Pororo_domino,낱말 도미노 기차,Game,쥬니어네이버,뽀로로 교실,퍼즐
Pororo_colorbox,색공 상자,Game,쥬니어네이버,뽀로로 교실,퍼즐
Pororo_maze,벌집 미로,Game,쥬니어네이버,뽀로로 교실,탈출·추리
Pororo_crong,내가 구해줄게 크롱!,Game,쥬니어네이버,뽀로로 교실,액션
Pororo_heromark,영웅마크를 찾아서,Game,쥬니어네이버,뽀로로 교실,퍼즐
